{
  "f6bbed2f-e46c-4678-9e5c-3ba6d1eb12ea": {
    "TYPE": "LSTM_CNN",
    "BATCH_SIZE": 32,
    "EPOCHS": 7,
    "OPTIMIZER": "adam",
    "LEARNING_RATE": 0.0001,
    "EMBEDDING_OPTIONS": {
      "output_dim": 200,
      "input_dim": 11347,
      "input_length": 23,
      "embeddings_initializer": "{\"class_name\": \"Constant\"}",
      "trainable": false
    },
    "CONV_FILTERS": 100,
    "CONV_KERNEL_SIZE": 5,
    "LSTM_UNITS": 100,
    "GLOVE": {
      "SIZE": 200,
      "VOCAB_COVERAGE": 0.89494,
      "TEXT_COVERAGE": 0.96609
    },
    "UUID": "f6bbed2f-e46c-4678-9e5c-3ba6d1eb12ea",
    "PREPROCESSING_ALGORITHM": {
      "add_link_flag": true,
      "add_user_flag": true,
      "add_hash_flag": true,
      "add_number_flag": false,
      "add_keyword_flag": false,
      "add_location_flag": false,
      "remove_links": true,
      "remove_users": true,
      "remove_hash": true,
      "unslang": true,
      "split_words": true,
      "stem": false,
      "remove_punctuations": true,
      "remove_numbers": true,
      "to_lower_case": true,
      "remove_stop_words": true,
      "remove_not_alpha": true,
      "join": false
    },
    "PREPROCESSING_ALGORITHM_UUID": "8b7db91c",
    "DIR": "./data-saved-models/glove-true/LSTM_CNN/",
    "PREFIX": "LSTM_CNN-8b7db91c-SEED-7",
    "HISTORY": {
      "loss": [
        0.571199,
        0.435911,
        0.389919,
        0.355288,
        0.317569,
        0.266872,
        0.217964
      ],
      "accuracy": [
        0.735973,
        0.810283,
        0.829987,
        0.849127,
        0.870144,
        0.899981,
        0.920811
      ],
      "val_loss": [
        0.490826,
        0.43981,
        0.425153,
        0.420692,
        0.427398,
        0.480791,
        0.497476
      ],
      "val_accuracy": [
        0.781086,
        0.806918,
        0.817426,
        0.820053,
        0.82049,
        0.806042,
        0.794221
      ],
      "test_loss": [
        0.490826,
        0.43981,
        0.425153,
        0.420692,
        0.427398,
        0.480791,
        0.497476
      ],
      "test_accuracy": [
        0.781086,
        0.806918,
        0.817426,
        0.820053,
        0.82049,
        0.806042,
        0.794221
      ]
    }
  }
}